Телевизор Haier 50 Smart TV AX Pro,37999
Телевизор SKYWORTH 32STE6600,9499
Телевизор Haier 55 Smart TV S1,29999
QLED Телевизор Toshiba 50C450KE,44999
Телевизор Haier 32 Smart TV S1,14999
Телевизор Philips 50PUS8507/60,49999
Телевизор Artel A55LU8500,49999
Телевизор Haier 65 Smart TV S7,79999
Телевизор Haier H65S9UG PRO,119999
Телевизор Haier 43 Smart TV S1,22999
Телевизор Haier 55 Smart TV S7,69999
Телевизор Haier 50 Smart TV S3,34999
Телевизор Hisense 50A6BG,24999
Телевизор Витязь 24LH0201,6599
Телевизор Toshiba 65C350LE,64999
Телевизор Hisense 55A6BG,29499
Телевизор Haier 55 Smart TV S3,39999
Телевизор Toshiba 43C350LE,29999
Телевизор Haier 50 Smart TV S1,27999
Телевизор Haier 43 Smart TV S3,33999
Телевизор Hi VHIX-32F199MSA,10999
Телевизор Toshiba 32V35LE,19999
Телевизор Candy Uno 32,12999
Телевизор Hisense 55U7HQ,69999
Телевизор Haier 65 Smart TV S3,54999
Телевизор Grundig 55 GFU 7800B,49999
Телевизор Toshiba 40V35LE,27499
Телевизор Яндекс 50'' - умный телевизор с Алисой (YNDX-00072),29999
Телевизор Artel UA32H3200,17999
Телевизор Haier 65 Smart TV AX Pro,64999
Телевизор Philips 43PUS7406/60,21999
Телевизор Hisense 43A6BG,22499
Телевизор Candy Uno 43 UHD,19999
Телевизор Яндекс 43'' - умный телевизор с Алисой (YNDX-00071),24999
Телевизор Artel UA43H3502,29999
Телевизор Hisense 65U7HQ,99999
Телевизор Philips 55PUS7406/60,29999
Телевизор Витязь 32LH0202,7899
Телевизор Hisense 50E7HQ,32999
QLED Телевизор Toshiba 43C450KE,39999
Телевизор Hi VHIX-32F219MSY,9899
Телевизор Toshiba 50C350LE,39999
Телевизор LG 55UQ76003LD,45999
Телевизор Toshiba 55C350LE,44999
Телевизор Philips 50PUS8057/60,31999
Телевизор Hisense 43E7HQ,29999
Телевизор realme 32 RMT101,14999
Телевизор Hisense 32A4K,14999
Телевизор Hisense 65E7HQ,59999
QLED Телевизор Toshiba 55C450KE,44999
Телевизор Hisense 55E7HQ,44999
Телевизор Samsung UE43AU7002U,35999
Телевизор realme TV 43 (RMV2004),24999
Телевизор Philips 43PUS8057/60,31999
Телевизор Philips 55PUS8057/60,41999
Телевизор Grundig 65 GGU 7900B,74999
Телевизор Haier 75 Smart TV S3,109999
Телевизор Hisense 43A5730FA,14400
QLED Телевизор Toshiba 65C450KE,79999
Телевизор Haier 43 Smart TV S1,22999
Телевизор Samsung UE55BU8000U,64999
Телевизор Toshiba 50C350KE,39999
Телевизор Grundig 50 GHU 7980,56999
Телевизор Hisense 65A6BG,54999
Телевизор Haier 65 Smart TV S1,48999
Телевизор Hisense 40A4K,21999
Телевизор LG 50UQ80006LB,42999
Телевизор Haier 55 Smart TV AX Pro,54999
Телевизор Hi VHIX-32H181MSY,8499
Телевизор LG 32LQ630B6LA,22999
Телевизор Витязь 32LH1215,9299
Телевизор LG OLED65C14LB,180999
Телевизор Artel UA50H3502,34999
Телевизор LG OLED55C2RLA,148499
Телевизор Grundig 43 GFU 7800B,39999
Телевизор Haier 32 Smart TV MX,15999
Телевизор LG OLED55C14LB,139999
Телевизор Kivi 43U750NW,31999
Телевизор Haier 50 Smart TV S3,34999
Телевизор LG OLED65A1RLA,149999
Телевизор Grundig 55 GGU 8960,56999
Телевизор Hisense 32A5KQ,24999
Телевизор Grundig 65 GHU 7830,67999
Телевизор Samsung UE50AU7100U,39999
Телевизор LG 50UQ76003LD,39999
Телевизор LG OLED55C1RLA,138999
Телевизор Haier 75 Smart TV S1,89999
Телевизор Philips 65PUS7406/60,51999
Телевизор Candy Uno 65,39999
Телевизор Toshiba 43C350KE,29999
Телевизор Hi VHIX-50U169MSY  ,18999
Телевизор Grundig 55 GHU 7980,64999
Телевизор Candy Uno 55,29999
Телевизор Hisense 85A6BG,129999
Телевизор Hisense 75A7GQ,119999
Телевизор realme TV 55 (RMV2001),44999
Телевизор Philips The One 50PUS8506/60,39999
Телевизор Kivi 24H750NW,16999
Телевизор Samsung UE65AU7100UXCE,83999
Телевизор Hisense 75A6BG,99999
Телевизор Samsung UE50BU8000U,64999
Телевизор Toshiba 55C350KE,39999
Телевизор Kivi 32F750NW,19999
Телевизор Grundig 55 OLED GG 970B,149999
Телевизор Toshiba 65X9900LE,224999
Телевизор Grundig 65 OLED GG 970B,189999
Телевизор Kivi 32H750NW,16999
Телевизор Grundig 65 GGU 8960,69999
Телевизор Philips 43PUS7956/60,24999
Телевизор Toshiba 75C350LE,109999
Телевизор Hisense 65U8HQ,149999
Телевизор Artel A32KH5500,15999
Телевизор Grundig 50 GFU 7800B,34999
Телевизор Hisense 65A85H,199999
Телевизор Hisense 40A4BG,20999
Телевизор LG 50UQ81009LC,41999
Телевизор realme TV 50 (RMV2005),29999
Телевизор Philips 58PUS8507/60,59999
Телевизор Grundig 43 GGU 7902A,42999
Телевизор Artel UA43H3401,23999
Телевизор Grundig 65 GGU 7970A,59999
Телевизор Hisense 55U8HQ,124999
Телевизор Sony KD55X81J,57840
Телевизор Grundig 40 GGF 6900B,34999
Телевизор LG 43UQ80006LB,35999
Телевизор Samsung QE75Q60BAU,174999
Телевизор Philips 32PHS6825,12999
Телевизор Philips 70PUS7956/60,79999
Телевизор Samsung UE50AU7002U,39999
Телевизор Samsung UE55AU7002U,51299
Телевизор LG NanoCell 50NANO769QA,47999
Телевизор Grundig 55 GGU 7970A,49999
Телевизор Kivi 55U750NW,39999
Телевизор Samsung UE55AU7100UXCE,64999
Телевизор Hi VHIT-32F102SS Silver,9899
Телевизор Samsung UE32N5000AU,19499
Телевизор Samsung UE43T5300AU,29899
Телевизор Haier 55 Smart TV MX,32999
Телевизор Haier 50 Smart TV MX,28999
Телевизор Haier 32 Smart TV S1,14999
Телевизор Samsung UE32N4010AU,20499
Телевизор Hisense 55A85H,149999
Телевизор Philips 65PUS8507/60,79999
Телевизор Olto 24H337,8599
Телевизор LG 50NANO806QA,56999
Телевизор Hisense 40A5KQ,29999
Телевизор Samsung UE32N5000AU,16999
Телевизор Samsung UE32N4000AU,19799
Телевизор LG OLED55A2RLA,110999
Телевизор LG 65UQ80006LB,66999
Телевизор Haier 50 Smart TV AX Pro,37999
Телевизор Grundig 50 GGU 7950A,44999
Телевизор Samsung QE43Q60BAU,69599
Телевизор Samsung QE55Q60BAU,84999
Телевизор Grundig 65 GOB 9290,199999
Телевизор Haier 75 Smart TV MX,89999
Телевизор LG 32LM6350PLA,24999
Телевизор Kivi 55U750NB,39999
Телевизор Samsung UE75AU7100U,113999
Телевизор Grundig 43 GGU 7950A,34499
Телевизор Grundig 32 GGH 6900B,24999
Телевизор Haier 65 Smart TV S3,54999
Телевизор LG 43UP75006LF,29999
Телевизор Novex NWX-75U011MSG,45999
Телевизор Grundig 50 GGU 7900B,43999
Телевизор LG 65UQ81009LC,76999
Телевизор Samsung UE32N4010AU,20499
Телевизор LG 43UQ75006LF,30999
Телевизор Grundig 55 GOB 9290,159999
Телевизор Grundig 55 GGU 7900B,44999
Телевизор LG 55UQ81009LC,49999
Телевизор Philips 55OLED807/12,159999
Телевизор Philips 32PHS5505/60,9999
Телевизор Artel A75LU6500,119999
Телевизор LG 65UQ76003LD,74499
Телевизор LG 43NANO776PA,39999
Телевизор LG 55NANO769QA,55999
Телевизор Toshiba 55X9900LE,174999
Телевизор Hisense 75U8HQ,224999
Телевизор LG 32LM576BPLD,19999
Телевизор Telefunken TF-LED58S06T2SU,23040
Телевизор Samsung UE32N4000BU,20699
Телевизор Samsung UE43CU8500U,53999
Телевизор Kivi 32F790LW,18999
Телевизор LG 32LM637BPVA,16999
Телевизор Samsung UE50AU7500UXCE,49999
Телевизор LG 55NANO816PA,60999
Телевизор Grundig 65 GHU 7980,79999
Телевизор Samsung QE65Q60BAU,121999
Телевизор Samsung UE65BU8000U,99999
Телевизор Telefunken TF-LED65S02T2SU,36000
Телевизор Samsung UE50BU8510U,54499
Телевизор Samsung QE65QN90BAU,188999
Телевизор Samsung QE75QN85BAU,269999
Телевизор LG 65UP75006LF,57600
Телевизор LG 43NANO766PA,35999
Телевизор Sony KD-55A8,70000
Телевизор LG 65NANO769QA,91999
Телевизор Samsung UE32T4500AU,23499
Телевизор Artel A65LU8500,79999
Телевизор Samsung UE58AU7570U,69999
Телевизор Samsung QE75QN90CAU,399999
Телевизор Samsung QE65QN900AU,304000
Телевизор Samsung UE55AU7170U,48000
Телевизор LG 75NANO756QA,136999
Телевизор Samsung UE70AU7100U,85299
Телевизор Novex NWX-55U169TSS,24999
Телевизор LG 65UP77006LB,51200
Телевизор Philips 55OLED857/12,144999
Телевизор LG 43UQ90006LD,40799
Телевизор Samsung UE75BU8000U,139999
Телевизор Samsung UE43T5300AU,29899
Телевизор LG 55QNED7S6QA,77999
Телевизор LG 43UP77006LB,32999
Телевизор Samsung UE32T4510AU,24999
Телевизор Samsung UE43AU7170U,30999
Телевизор Samsung QE43QN90AAU,76799
Телевизор Samsung UE55AU7570U,47200
Телевизор Samsung QE85QN85BAU,449999
Телевизор LG 43UP75006LF,29999
Телевизор Grundig 43 GHU 7980,46999
Телевизор LG 43NANO776QA,39999
Телевизор LG OLED48A2RLA,82999
Телевизор Samsung UE43BU8000U,49899
Телевизор Samsung UE58AU7570U,60000
Телевизор Candy Uno 50,26999
Телевизор Samsung UE70AU7570U,88000
Телевизор Hi VHIX-32F102TSY,9399
Телевизор Telefunken TF-LED65S03T2SU,36000
Телевизор LG 32LM576BPLD,19999
Телевизор Haier 43 Smart TV S3,33999
Телевизор Samsung QE77S95CAU,489999
Телевизор LG 65NANO806QA,99999
Телевизор LG 55QNED876QB,105999
Телевизор Grundig 43 GHU 7930,45999
Телевизор LG 50NANO75VPA,39999
Телевизор Samsung UE50CU8500U,72999
Телевизор Kivi 32F740LB,17999
Телевизор LG 75NANO806PA,116000
Телевизор Samsung Neo QLED 8K Smart TV QE85QN800BU,645999
Телевизор Samsung UE43AU7570U,30999
Телевизор Samsung UE55CU8500U,78999
Телевизор Samsung UE65CU8500U,105999
Телевизор LG 50UP77006LB,38499
Телевизор Samsung QE65S95CAU,334999
Телевизор Samsung UE65AU7002U,64999
Телевизор Samsung UE75CU7100U,117999
Телевизор LG 55UQ76009LC,49999
Телевизор Витязь 43LU1204,17499
Телевизор Samsung QE65QN900AU,299999
Телевизор Samsung QE65Q70CAU,144999
Телевизор Samsung QE55QN90BAU,179499
Телевизор Samsung UE70AU7100U,68240
Телевизор Samsung QE85QN800AU,508999
Телевизор Artel A85LU9500,229999
Телевизор Grundig 43 GHU 7830,36999
Телевизор Grundig 50 GHU 7830,49999
Телевизор LG 50NANO776PA,48999
Телевизор Grundig 75 GHU 7830,119999
Телевизор Samsung UE85CU8000U,209999
Телевизор LG OLED65C14LB,169999
Телевизор Samsung QE55Q80CAU,149999
Телевизор Samsung QE65Q80CAU,184999
Телевизор Samsung QE55S90CAU,207999
Телевизор Samsung QE75Q950TSU,288000
Телевизор Samsung UE75CU8500U,154999
Телевизор Samsung QE55S95CAU,259999
Телевизор LG 55NANO80VPA,64999
Телевизор LG 75QNED916PA,169999
Телевизор LG 65UQ81006LB,73599
Телевизор Samsung QE65QN900CU,509999
Телевизор Samsung QE75Q70CAU,212999
Телевизор Grundig 55 GHU 7830,54999
Телевизор LG 55NANO896PC,85999
Телевизор Samsung Neo QLED 8K Smart TV QE75QN900BU,629999
Телевизор Kivi 43U740NB,24999
Телевизор Hi VHIT-24H179MS,7799
Телевизор LG 55NANO756QA,69999
Телевизор Samsung QE65QN90CAU,289999
Телевизор Samsung QE85Q70CAU,289999
Телевизор LG OLED55C3RLA,174999
Телевизор Samsung QE55QN90CAU,219999
Телевизор LG OLED48A2RLA,82999
Телевизор Grundig 55 GHU 7930,64999
Телевизор LG OLED65C3RLA,244999
Телевизор Samsung UE55CU7100U,58999
Телевизор Grundig 50 GHU 7930,55999
Телевизор Samsung QE65QN95BAU,224999
Телевизор Samsung QE55QN95BAU,181999
Телевизор LG 55QNED816QA,89499
Телевизор Samsung UE50CU7100U,52999
Телевизор Samsung QE65QN800CU,379999
Телевизор Grundig 75 GHU 7930,129999
Телевизор LG 50UR78009LL,47999
Телевизор Samsung QE50QN90BAU,134999
Телевизор Samsung QE43LS05TAU,74799
Телевизор LG 43UQ75006LF,30999
Телевизор Sony KD-50X75K AF1,59999
Телевизор Samsung QE75QN700BU,349999
Телевизор LG 43UR81009LK,45999
Телевизор LG 65UR81006LJ,94999
Телевизор LG 50NANO806QA,56999
Телевизор LG 50UR78006LK,49999
Телевизор Samsung Neo QLED 8K Smart TV QE75QN800BU,449999
Телевизор LG 43UR81006LJ,48999
Телевизор Samsung QE50LS03BAU,119999
Телевизор LG 50QNED816RA,89999
Телевизор LG 65UQ80006LB,84799
Телевизор LG 43UR78009LL,44999
Телевизор LG 55UR78006LK,69999
Телевизор Philips 32PHS6808/60,13999
Телевизор Samsung QE85QN900CU,1049999
Телевизор Samsung UE65CU7100U,79999
Телевизор LG 55NANO806QA,63999
Телевизор Samsung QE75Q80BAU,237999
Телевизор LG 65UQ76003LD,67999
Телевизор Kivi 43F750NB,23999
Телевизор LG 75QNED816RA,140999
Телевизор Samsung UE32N4000AU,19799
Телевизор LG OLED77G3RLA,569999
Телевизор Samsung QE55QN700BU,172999
Телевизор LG 50NANO769QA,47999
Телевизор LG 43UQ76003LD,32999
Телевизор LG 60UQ80006LB,74999
"OLED-Телевизор 56"" - 65"" LG OLED65C2RLA",221999
Телевизор LG 55UR91006LA,77999
Телевизор LG 65UR91006LA,99999
Телевизор Samsung Neo QLED 8K Smart TV QE85QN900BU,999999
Телевизор Panasonic TH-55HX750M,59999
Телевизор LG 65NANO769QA,95799
Телевизор LG 55NANO769QA,79999
Телевизор LG 55LX1Q6LA,219999
Телевизор LG 55UR78001LJ,61999
Телевизор LG 55UR81009LK,71999
Телевизор Philips 55OLED805,139999
Телевизор Philips 55OLED706/12,114999
Телевизор LG 75NANO926PB,120000
Телевизор LG 60UP77006LB,64999
Телевизор Samsung QE85QN90BAU,499999
Телевизор Telefunken TF-LED55S10T2SU,36999
Телевизор Sony KD-65A8,119000
Телевизор Telefunken TF-LED55S17T2SU,21000
Телевизор Samsung QE65S90CAU,284999
Телевизор Samsung QE75QN900CU,749999
Телевизор Samsung QE75QN800CU,529999
Телевизор LG 55NANO766PA,67999
Телевизор Samsung QE98QN100BU,2999999
Телевизор LG 65UR78001LJ,79999
Телевизор LG 65UR78009LL,84999
Телевизор LG 65UR78006LK,79999
Телевизор LG 55UR78009LL,89999
Телевизор LG 65UR81009LK,91999
Телевизор Samsung QE85QN90CAU,589999
Телевизор LG 50UQ76003LD,42999
Телевизор Panasonic TH-65HX750M,69999
Телевизор LG 75UR78001LJ,125999
Телевизор LG 86UR81006LA,249999
Телевизор LG 55UR81006LJ,71999
Телевизор LG 75UR91006LA,159999
Телевизор LG 50UR78001LJ,49999
Телевизор LG 75UR78006LK,119999
Телевизор LG 86UR78006LB,229999
Телевизор Accesstyle U43EY1500B,17999
Телевизор Accesstyle H32EY1500B,13999
Телевизор Hyundai H-LED40BS5003,17999
Телевизор Hyundai H-LED43BU7008,23999
Телевизор Hyundai H-LED50BU7003,27999
Телевизор Hyundai H-LED43FS5004 Smart,19999
Телевизор TCL 55P617,35999
Телевизор topdevice TDTV24BS01H_BK,8620
Телевизор Grundig 65 GGU 8960,70190
Телевизор Grundig 55 GGU 8960,57190
Телевизор Starwind SW-LED24BG202,6690
Телевизор Grundig 50 GGU 7900B,44190
Телевизор Starwind SW-LED43UG400 Smart Яндекс.ТВ стальной,18890
Телевизор Starwind SW-LED32BG200,8390
Телевизор BBK 24LEX-7288/TS2C,10890
Телевизор topdevice TDTV24BS02H_BK,8820
Телевизор Harper 40F660TS Bl,16790
Телевизор LG 50NANO766QA.ARUB,47990
Телевизор LG 43UQ75006LF,30990
Телевизор Olto 3220R,8700
Телевизор topdevice TDTV32BS04H_BK,10890
Телевизор Olto 24T20H,7500
Телевизор topdevice TDTV24BS02H_WE,9040
Телевизор topdevice TDTV32BS01H_BK,10490
Телевизор Supra STV-LC55ST0045U,29190
Телевизор topdevice TDTV24BN02H_BK,6340
Телевизор topdevice TDTV50BS06U_BK,21690
Телевизор topdevice TDTV43BS06U_ML,17390
Телевизор Yuno ULX-39TCS222,13790
Телевизор Xiaomi Mi TV A2 32 Black,18990
Телевизор BQ 32S09B Black,9890
Телевизор topdevice TDTV55BS06U_BK,24690
Телевизор Yuno ULM-43FTC145,14190
Телевизор TCL 55'' 55C635 Smart,43190
Телевизор TCL 65P635,44990
Телевизор Haier 55 Smart TV S1 (DH1VMAD01RU),29990
Телевизор Samsung UE32T5300AU,24590
Телевизор topdevice TDTV43BS06U_BK,16390
Телевизор topdevice TDTV55BS05U_BK,24690
Телевизор Supra STV-LC65ST0045U,38990
Телевизор topdevice TDTV24BN02H_WE,6550
Телевизор Hyundai 40 H-LED40BS5008 Smart Android TV,18390
Телевизор BBK 24LEX-7208/TS2C,11190
Телевизор Sber SDX-43U4010B,19990
Телевизор Sony KD-50X75K,54990
Телевизор topdevice TDTV32BS04H_ML,11190
Телевизор Samsung UE43T5300AUXCE,27690
Телевизор Maunfeld MLT55USD02,43490
Телевизор LG 43NANO766QA,41790
Телевизор Haier 55 Smart TV S3,39990
Телевизор Thomson T24RTL6010,11990
Телевизор BBK 24LEX-7234/TS2C,10690
Телевизор Telefunken TF-LED42S14T2S,15490
Телевизор Samsung QE65Q60BAUXCE,102590
Телевизор Vekta LD-43SF4815BS,15890
Телевизор Samsung UA65AU7700KXXT,69790
Телевизор Supra STV-LC24ST0045W,9990
Телевизор Blackton Bt 32S07B Black,9990
Телевизор LG 50UQ75006LF,38990
Телевизор BBK 32LEX-7290/TS2C,13390
Телевизор Thomson T24RTE1280,10990
Телевизор Haier 32 Smart TV S1 (DH1U66D03RU),14990
Телевизор Samsung UA55AU7700KXXT,49790
Телевизор LG 55NANO796P,54890
Телевизор LG 86UQ91006LA,204190
Телевизор BBK 24LEM-1087/T2C,8610
Телевизор Haier 75 Smart TV S1 (DH1UDWD00RU),89990
Телевизор Hisense 85 85A6BG Smart 6 черный,130190
Телевизор Hisense 75 75U8HQ Smart черный,225190
Телевизор LG 32LQ630B6LA,23890
Телевизор LG 32LQ630B6LA,23890
Телевизор Samsung QE65Q60BAU,111990
Телевизор Haier 55 Smart TV S3,45990
Телевизор Vekta LD-24TR4315WT,7390
Телевизор GoldStar LT-24R800,11990
Телевизор Yuno ULM-39 TC 120,13290
Телевизор Hisense 65 65U7HQ Smart черный,90190
Телевизор Samsung QE55Q80BAUXCE,107690
Телевизор Samsung QE50Q80BAUXCE,115990
Телевизор Sony KD-65X80K,109990
Телевизор Haier 43 Smart TV S1 (DH1U8TD04RU),22990
Телевизор Vekta LD-43SF4815WS,16190
Телевизор Sony KD-55X85K,105990
Телевизор Samsung UE75BU8500,160990
Телевизор Supra STV-LC39LT0045W,13690
Телевизор Maunfeld MQT50USD03,49990
Телевизор LG 43UQ81009,39890
Телевизор Digma 40 DM-LED40SBB31,15290
Телевизор Samsung UE55BU8500,76990
Телевизор LG OLED65C26LD,199190
Телевизор Haier 65 Smart TV S1 (DH1VWWD02RU),48990
Телевизор Supra STV-LC43ST0045F,15890
Телевизор LG 43UQ76906,45490
Телевизор Xiaomi TV A2 55,48990
Телевизор Samsung UE43BU8000UXCE,52990
Телевизор Samsung UE43TU7002,35790
Телевизор Samsung QE55Q60AAUXXH,69790
Телевизор Hisense 55A85H,135990
Телевизор LG 43UQ76906,45490
Телевизор Xiaomi TV A2 55,48990
Телевизор Telefunken TF-LED43S80T2SU,18490
Телевизор Sharp 2T-C32BC6NX,12490
Телевизор TCL 43P635,25990
Телевизор LG 50NANO816PA,47190
Телевизор LG 65NANO766QA,75190
Телевизор Hisense 50E7HQ,35890
Телевизор Hisense 65A6BG,50190
Телевизор Sony KD-55X80K,79990
Телевизор Panasonic TH-65HX750M,58390
Телевизор TCL 43P635,23990
Телевизор Sony KD-55X85TJ,115990
Телевизор BBK 24LEM-1034/T2C,8610
Телевизор SKYWORTH 43SUE9350,20590
Телевизор Sony KD-55X80J,64990
Телевизор Sony KD-55X75K,60990
Телевизор LG 43UR91006LA,52990
Телевизор Harper 50 U 750 TS,27990
Телевизор Vekta LD-24SR4715BS,8690
Телевизор LG 50QNED816QA,74290
Телевизор LG 50UR81006LJ,54990
Телевизор Supra STV-LC40ST0045F,21490
Телевизор Sharp 2T-C42BG1X,20990
Телевизор Viomi YMD55ACURUS1,40490
Телевизор Samsung QE55QN85BAUXCE,131990
Телевизор Hisense 50A61G,32390
Телевизор Accesstyle U43EY1500B,17890
Телевизор Samsung UE43AU7100,41290
Телевизор Samsung UE55AU7002UXRU,52490
Телевизор Telefunken TF-LED32S72T2,8290
Телевизор BQ 3201B Black,8390
Телевизор Vekta LD-55SU8815BS,26290
Телевизор Sony XR-55A80J,161990
Телевизор Maunfeld MLT24H01,11490
Телевизор Samsung UE65BU8000,97990
Телевизор Maunfeld MQT65USD03,59990
Телевизор LG 55UP80003LR,54390
Телевизор LG 65UQ81009,80490
Телевизор Haier H65S9UG PRO,139890
Телевизор Hisense 55E7HQ Smart,45190
Телевизор Skyline 65U7510,40790
Телевизор Yuno ULM-24TC111,6890
Телевизор Philips 55PUS7406/60,36990
Телевизор Skyline 58U7510,31890
Телевизор Econ EX-43FS005B,14890
Телевизор Samsung QE65QN800BUXCE,269990
Телевизор LG 55UQ75006LF,50590
Телевизор Sony KD-55X85K,95990
Телевизор GoldStar LT-32R900,10790
Телевизор Haier H65S9UG PRO,139890
Телевизор Samsung UE32T4500AUXCE,21690
Телевизор Samsung UE85AU7100,177790
Телевизор Hisense 43E7HQ,29990
Телевизор LG 55UQ76003LD,52790
Телевизор Philips 55PUS8057/60 серебристый,42190
Телевизор Blackton Bt 3210B Black,8090
Телевизор Harper 50U770TS,28790
Телевизор Maunfeld MLT43USD02G,25990
Телевизор Sony KD-65X85K,127990
Телевизор Samsung UE55AU7100,51190
Телевизор LG OLED65C36LC,239190
Телевизор Vekta LD-55SQ9513BS,35290
Телевизор LG 43UR81009LK,49990
Телевизор Supra STV-LC24LT0045W,8500
Телевизор Telefunken TF-LED58S05T2SU,29690
Телевизор Sharp 4T-C50BK1X,34990
Телевизор Vekta LD-55SU8921BS,26790
Телевизор LG 55UP77003LB,50490
Телевизор LG 55UR81009LK,71990
Телевизор Yuno ULX-32TCSW2234,10690
Телевизор Sony KD-65X81J,129990
Телевизор Telefunken TF-LED24S89T2 черный,7090
Телевизор Skyline 24YST5970,9100
Телевизор LG 43UQ75006LF,33790
Телевизор Samsung UE43BU8500UXCE,53790
Телевизор BBK 32LEX-7288/TS2C,13390
Телевизор Vekta LD-40SF4113BT,13590
Телевизор Hisense 75A6BG,100190
Телевизор Hyundai H-LED24BS5001,9990
Телевизор LG 50UR81009LK,54990
Телевизор LG 50UR78001LJ,49990
Телевизор Harper 32R690T,9390
Телевизор Samsung UE75BU8000UXCE,158990
Телевизор Sony KD-75ZH8,750590
Телевизор Sony KD-65X75K,87990
Телевизор BQ 32S05B Black,10190
Телевизор Supra STV-LC50ST0045U,25690
Телевизор TCL 50P635,27990
Телевизор Samsung UE43AU7002UXRU,41990
Телевизор Hisense 55U7HQ Smart,70190
Телевизор BBK 32LEX-4221/TSP2C,12990
Телевизор BBK 32LEX-4221/TSP2C,12990
Телевизор LG 65NANO806QA,100190
Телевизор Econ EX-40FT009B,14990
Телевизор Sony KD-75X80K,174990
Телевизор Toshiba 55UA2063DG,43990
Телевизор LG 65UQ91009LD,85990
Телевизор Sony KD-55X81J,99990
Телевизор LG 50NANO826QB,57690
Телевизор Haier 58 Smart TV S5,59990
Телевизор LG 65NANO756QA,95190
Телевизор Maunfeld MQT75USD03,107990
Телевизор Econ EX-24HS005B,8390
Телевизор Supra STV-LC43LT0045F,19990
Телевизор Samsung The Sero QE43LS05BAUXRU,99990
Телевизор Samsung UA60BU8000UXZN,69790
Телевизор Samsung QE50LS03BAUXCE,100790
Телевизор LG 43LM6370PVA,34190
Телевизор Samsung UE55AU8070UXXH,59790
Телевизор Sharp 4T-C65DL6,62990
Телевизор National NX-43TUS120,19990
Телевизор Econ EX-65US001B,38490
Телевизор National NX-32THS120,11390
Телевизор BQ 55FSU34B Black,26190
Телевизор LG 55UQ76003LD,57690
Телевизор Samsung UE55AU8072UXXH,59790
Телевизор Sony XR-65X95K,312190
Телевизор Sony KD-50X81J,89590
Телевизор Maunfeld MLT32HSD02,15490
Телевизор Thomson T50USL7010,30990
Телевизор Thomson T32RTL6030,12490
Телевизор BQ 55FSU34B Black,26190
Телевизор LG 55UQ76003LD,57690
Телевизор Yuno ULX-32TCS226,10390
Телевизор Toshiba 32WA2063DG,19690
Телевизор Haier 65 Smart TV S1,68990
Телевизор Econ EX-43FT003B,25690
Телевизор Harper 65U770TS,53190
Телевизор Samsung UE43T5202AUXRU,33490
Телевизор Blackton Bt 50FSU32B,22290
Телевизор Haier 75 Smart TV S3,109990
Телевизор Supra STV-LC39ST0045W,15990
Телевизор Skyline 43LT5900,15490
Телевизор Hisense 50E6H,31990
Телевизор Harper 55U660TS,30490
Телевизор Sony XR-65X90K,250990
Телевизор realme TV 50 (RMV2005),33990
Телевизор Vekta LD-50SU8815BS,22790
Телевизор Xiaomi Mi TV Q2,59690
Телевизор Hisense 50E6H,31990
Телевизор Sony XR-65A90J,379190
Телевизор LG OLED65A2RLA,189990
Телевизор Haier 65 Smart TV S3,75990
Телевизор LG OLED48A2RLA,94990
Телевизор LG 43UR78009LL,47990
Телевизор Vekta LD-50SU8815BS,22790
Телевизор LG 55LX1Q6LA,225390
Телевизор Sony KD-65X75K,98990
Телевизор Vekta LD-24TR4350BT,7190
Телевизор Haier H65S9UG PRO,119990
Телевизор Blaupunkt 24HB5000,12590
Телевизор Grundig 65 GGU 7900B,75190
Телевизор Grundig 43 GFU 7800B,40190
Телевизор Starwind SW-LED24BG205 черный,6690
Телевизор Harper 43F660TS,18390
Телевизор topdevice TDTV32BS02H_BK,10490
Телевизор LG 55NANO766QA.ARUB,58990
Телевизор Grundig 55 GGU 7900B,45190
Телевизор BQ 58U750TS,40690
Телевизор POLARLINE 40PL52TC-SM,28890
Телевизор Maunfeld MLT32HSX02,15490
Телевизор Sony XR65A80J,448190
Телевизор topdevice TDTV40BN02F_BK,12490
Телевизор Yuno ULM-32TC114,8600
Телевизор Harper 55Q850TS,37490
Телевизор Maunfeld MLT43FSX02,22490
Телевизор LG 50QNED816QA,79190
Телевизор BQ 50SU03B Black,23190
Телевизор BQ BQ 65FSU14B,39490
Телевизор Maunfeld MLT43FSD02,22490
Телевизор Maunfeld MLT43USD02,24990
Телевизор Samsung MNA110MS1AC,17999990
Телевизор Harper 32R490T NEW,9500
Телевизор Harper 43F670T,16190
Телевизор Harper 43F670TS,18890
Телевизор Harper 43F720TS,20190
Телевизор Hisense 40A4BG,20190
Телевизор Philips 43PFS5505,25190
Телевизор Telefunken TF-LED24S22T2,7190
Телевизор Econ EX-40FS009B,14790
Телевизор Vekta LD-32SR5112BS,11990
Телевизор Vekta LD-32SR5212BS,10790
Телевизор Vekta LD-32SR4815BS,10690
Телевизор LG OLED48C21LA,178990
Телевизор Vekta LD-32SR4113BT,8590
Телевизор Hisense 58A61G,43690
Телевизор Vekta LD-32SR5115BT,8490
Телевизор Aiwa 32FLE9600S,19990
Телевизор GoldStar LT-39R800,16990
Телевизор Vekta LD-40SF4850BS,15390
Телевизор Vekta LD-32SF4850BS,11590
Телевизор Samsung UE50AU7100,48990
Телевизор LG 50NANO766QA,61590
Телевизор LG 50NANO826QB,68590
Телевизор LG 50UQ75006,48990
Телевизор LG 50QNED816RA,89990
Телевизор Supra STV-LC39LT0045W,18990
Телевизор LG 43UR78001LJ,44990
Телевизор LG 43UR81006LJ,49990
Телевизор LG 43UQ81006LB,39990
Телевизор Hisense 40A5KQ,29990
Телевизор LG 65NANO79VND,82290
Телевизор LG 50UP78003LB,42690
Телевизор Toshiba 43UA2063DG,32390
Телевизор Hisense 43A61H,24390
Телевизор Sony KD-55X75K,69990
Интерактивная панель Senke SK-55GB,330190
Телевизор LG OLED55A26LA,113990
Телевизор Viomi YMD43ACURUS1,30590
Телевизор LG 43UP7750PV,37290
Телевизор Samsung E65QN900AU,399990
Телевизор Samsung UE50AU7170UXZT,49790
Телевизор Sony KD-65X7500H,77990
Телевизор LG 43UQ80006,41990
Телевизор LG 43UQ76003,37790
Телевизор Econ EX-39HT007B,12790
Телевизор Sony KD-50X75K,62990
Телевизор AVEL AVS240WS,66990
Телевизор SKYWORTH 50Q20,41490
Телевизор Supra STV-LC32LT0045W,8590
Телевизор Blackton Bt 32S01B Black,10190
Телевизор Thomson T55USL7010,35990
Телевизор Thomson T55USM7030,39990
Телевизор Thomson T42FSH5150,20990
Телевизор Thomson T43FSM6050,21990
Телевизор Thomson T43USM7030,24490
Телевизор Thomson T40FSM6020,19990
Телевизор Thomson T32RTE1300,11990
Телевизор Accesstyle UHD 55 U55EY1000B,30990
Телевизор Xiaomi Mi TV Q2 55 Qled,67490
Телевизор LG 55UR78006LK,61990
Телевизор LG 55QNED816RA,109990
Телевизор LG 55UR81006LJ,71990
Телевизор SKYWORTH 43STE6600,18190
Телевизор Blackton Bt 42S04B Black,14290
Телевизор Samsung QE65Q70BAU,158190
Телевизор Hisense 65A85H,198990
Телевизор Sony KD-50X80K,76990
Телевизор Econ EX-32HT013B,8860
Телевизор Viomi YMD43ACURUS1,33990
Телевизор Samsung QE75QN90BAUXCE,389190
Телевизор Sony XR-55A80K,219990
Телевизор Maibenben 55M2UB,35890
Телевизор Samsung QE55Q80BAUXCE,144990
Телевизор Maunfeld MQT55USD03,51990
Телевизор Sony KD-75X81K,189990
Телевизор Sharp 2T-C32BD1X,12490
Телевизор Vekta LD-24TR4011BT,7290
Телевизор LG 50NANO769QA,53190
Телевизор LG 55UQ81009,57390
Телевизор Samsung UE65AU7100,70690
Телевизор LG 65UQ76003,76290
Телевизор Supra STV-LC40ST0045F,15790
Телевизор Harper 43F750TS,19990
Телевизор Econ EX-40FT003B,11790
Телевизор LG 75NANO756QA,154990
Телевизор LG 75NANO826QB,129990
Телевизор Sony KD-75X81K,171990
Телевизор LG 43UQ75006,35690
Телевизор LG 50NANO769QA,57990
Телевизор LG 55UQ81009LC,63490
Телевизор BQ 2402B Black,11490
Телевизор AVEL AVS240KS White,73990
Телевизор Thomson T50USM7030,36990
Телевизор LG OLED48C34LA,164390
Телевизор LG 65UR81006LJ,89990
Телевизор LG OLED88Z29LA,2799990
Телевизор Yuno ULX-43FTCS2234,15790
Телевизор Maunfeld MLT55USD02G,45490
Телевизор BBK 24LEM-1087/T2C,9490
Телевизор BBK 24LEM-1034/T2C,9490
Телевизор BBK 24LEM-1014/T2C,9490
Телевизор SKYWORTH 65SUE9350,42190
Телевизор Blackton Bt 32S08B,10190
Телевизор Sony XR-77A83K,385690
Телевизор Viomi YMD55ACURUS1,44990
Телевизор LG 50NANO756QA,57490
Телевизор Skyline 50UST5970,25890
Телевизор Sony XR-75X95K,540990
Телевизор Samsung UE50BU8500UXCE,70990
Телевизор Samsung UE55AU7100UXCE,64990
Телевизор Samsung UE43AU7100UXCE,44990
Телевизор Samsung UE32T4500AUXCE,28990
Телевизор Samsung UE32T4500AUXCE,28990
Телевизор Samsung UE43T5300AUXCE,43990
Телевизор Sony KD-85X85TJ,429990
Телевизор Sony XR-75Z9J,1190190
Телевизор Sony XR-85X95K,970990
Телевизор Sony XR-75X90J,460990
Телевизор Sony XR-65A90J,699990
Телевизор Sony XR-55X90J,210990
Телевизор Sony XR-65A80K,530990
Телевизор Samsung QE85QN90BAUXCE,869990
Телевизор Sony XR-55A80K,330190
Телевизор Sony KD-75X85TJ,302990
Телевизор Samsung QE75QN800BUXCE,422990
Телевизор Hisense 55A6BG,44990
Телевизор Skyline 40LT5900,14290
Телевизор Samsung UE55BU8500UXCE,78990
Телевизор LG OLED42C34LA,150590
Телевизор LG 55UQ80006,52490
Телевизор BBK 32LEX-7287/TS2C,12990
Телевизор Maunfeld MLT55USX02,43490
Телевизор BBK 24LEM-1088/T2C(W),10190
Телевизор Sony KD-65X85TJ,184990
Телевизор Samsung QE98QN90AAUXCE,1280190
Телевизор Vekta LD-32SR5215BT,8390
Телевизор Thomson T32RSL6040,14290
Телевизор Maunfeld MLT55USX02,43490
Телевизор BBK 24LEM-1088/T2C(W),10190
Телевизор Sony KD-65X85TJ,184990
Телевизор Samsung QE98QN90AAUXCE,1280190
Телевизор BBK 32LEX-7287/TS2C,12990
Телевизор Samsung UE55BU8500UXCE,78990
Телевизор LG OLED42C34LA,150590
Телевизор Samsung QE75QN85BAUXCE,236590
Телевизор Samsung QE85QN900BUXCE,1034990
Телевизор Samsung UE85BU8000UXCE,223990
Телевизор LG 55QNED816QA,83990
Телевизор Supra STV-LC24LT0045W,11490
Телевизор LG 50UR78009LL,52990
Телевизор LG OLED65G2RLA,258990
Телевизор Vekta LD-32SR5215BT,8390
Телевизор LG 50UR78006LK,49990
Телевизор National NX-50TUS120,22790
Телевизор LG 55UR78001LJ,61990
Телевизор Samsung QE85QN900BUXCE,1590190
Телевизор Samsung QE85QN800BUXCE,699990
Телевизор Samsung UE75AU7100UXCE,132990
Телевизор Sony XR-55X90K,129990
Телевизор BBK 50LEX-8287/UTS2C,31190
Телевизор Samsung UE75AU7100UXCE,132990
Телевизор Samsung UE50AU7100UXCE,58990
Телевизор LG 55UR78001LJ,61990
Телевизор LG 75UQ80006,124590
Телевизор LG 65QNED876QB,158690
Телевизор Coocaa 43S3G,20990
