Наименование,Цена
Диктофон цифровой Ritmix RR-120 8GB Black,2 799 ₽
Диктофон цифровой Ritmix RITMIX RR-145 16GB black,4 299 ₽
Диктофон цифровой Ritmix RITMIX RR-820 16Gb Black,4 599 ₽
Диктофон цифровой Ritmix RR-190 8Gb,3 799 ₽
Диктофон цифровой Sony ICD-PX370,7 350 ₽
Диктофон цифровой Sony ICD-BX140,5 390 ₽
Диктофон Ambertek VR700,6 280 ₽
Диктофон Ambertek VR310,6 940 ₽
Диктофон Ambertek VR307,3 840 ₽
Диктофон Ambertek VR658,6 480 ₽
Диктофон Ambertek VR250F,3 940 ₽
Диктофон Ambertek VR125,5 980 ₽
Диктофон Ambertek VR408,4 980 ₽
Диктофон Savetek GS-R01,1 990 ₽
Диктофон Savetek GS-R01S,1 350 ₽
